is_subscription,payment_count,total_revenue,avg_payment_amount
false,75,1124.2500000000005,14.990000000000006
true,140,806.600000000001,5.761428571428579
